The Archie Show,0,0
The Arrangement (2017),61,5.6
The Arsenio Hall Show,0,0
The Arsenio Hall Show (2013),0,2.6
The Art of More,55,4.4
The Ashlee Simpson Show,0,0
The Assassination of Gianni Versace: American Crime Story,74,8.5
The Assets,58,5.9
The Assistants (2009),0,0
The Astronaut Wives Club,60,6.0
The Avengers: Earth's Mightiest Heroes,0,8.4
The Awesomes,60,6.7
The Awful Truth,0,0
The Baby Borrowers,0,0
The Bachelor,33,2.3
The Bachelorette,66,0
The Backyardigans,0,5.0
The Bad Girl's Guide,0,0
The Bad News Bears,0,0
The Bad Seed,43,0
The Bastard Executioner,55,6.1
The Batman,0,7.9
The Beast,51,8.6
The Beatles,0,8.0
The Beautiful Life,40,5.1
The Bedford Diaries,33,8.3
The Ben Stiller Show,75,0
The Benny Hill Show,0,0
The Berenstain Bears,0,0
The Bernie Mac Show,0,0
The Best Damn Sports Show Period,0,0
The Best Thing I Ever Ate,0,0
The Best Years,0,0
The Beverly Hillbillies,0,0
The Bible,45,4.1
The Big Bang Theory,57,8.0
The Big Brain Theory,0,6.6
The Big C,67,6.8
The Big Easy,52,0
The Big Gay Sketch Show,0,0
The Big Spender,0,0
The Big Stage,0,0
The Biggest Loser,33,2.0
The Biggest Loser (Australia),0,0
The Bill,0,0
The Bill Engvall Show,35,3.3
The Bionic Woman (1976),0,0
The Birthday Boys,76,5.9
The Bisexual,76,4.6
The Biz (AOL),0,0
The Black Butler,0,6.0
The Black Donnellys,45,8.7
The Black Panther,0,0
The Blacklist,74,7.8
The Blacklist: Redemption,0,6.7
The Blame Game,0,0
The Bletchley Circle,73,8.5
The Bob Hope Show,0,0
The Bob Newhart Show,0,0
The Bobby Brown Story,0,0
The Bold and the Beautiful,0,7.5
The Bold Type,58,6.8
The Bomb,66,0
The Bonnie Hunt Show,0,0
The Book of Daniel,61,5.0
The Book of Negroes,77,6.6
The Boondocks,72,8.8
The Border,0,0
The Borgias,66,7.7
The Boys,0,0
The Brady Bunch,0,0
The Brak Show,0,0
The Brave,54,7.6
The Break with Michelle Wolf,0,2.2
The Breaks,0,0
The Bridge,65,7.4
The Bridge (2013),77,7.8
The Briefcase,27,2.0
The Brink,52,7.7
The Bronx Bunny Show,0,0
The Bronx Is Burning,65,7.6
The Bugs Bunny and Tweety Show,0,0
The Bugs Bunny Show,0,0
The Bugs Bunny/Road Runner Hour,0,0
The Bullwinkle Show,0,0
The Buzz on Maggie,0,0
The Call,0,0
The Cape,54,6.5
The Captain and Casey Show,0,0
The Captain and Tennille,0,0
The Carmichael Show,64,5.9
The Carol Burnett Show,0,0
The Carrie Diaries,58,7.8
The Case Against Adnan Syed,65,4.8
The Case Of: JonBenet Ramsey,33,4.9
The Casual Vacancy,60,5.5
The Catalina,0,0
The Catch,59,6.6
The Catherine Tate Show,0,0
The Chair (2014),70,8.5
The Challenger Disaster,80,8.3
The Characters,0,5.1
The Charlotte Church Show,0,0
The Chase,0,0
The Chaser's War on Everything,0,0
The Cheetah Girls 2,0,0
The Cheetah Girls One World,0,0
The Chef Jeff Project,0,0
The Chelsea Handler Show,0,0
The Cheshire Murders,77,6.8
The Chevy Showroom starring Andy Williams,0,0
The Chew,56,5.8
The Chi,73,5.8
The Chicago Code,75,7.1
The Chicas Project,0,0
The Child in Time,83,6.7
The Cho Show,44,5.5
The Choice,30,3.8
The Chopping Block,42,5.6
The Chopping Block (Australia),0,0
The Chris Isaak Hour,0,0
The Chris Rock Show,0,0
The Christies: Committed,0,0
The Christmas Card,0,0
The Chronicle,70,0
The Circuit (2007),0,0
The Circus: Inside the Greatest Political Show on Earth,75,8.3
The City,0,0
The Civil War,0,0
The Class,59,7.7
The Cleaner,41,6.3
The Cleveland Show,55,3.8
The Client,50,0
The Client List,44,6.7
The Clinton Affair,73,0
The Closer,65,8.5
The Code (2019),56,2.8
The Colbert Report,65,8.7
The Collection,59,5.0
The CollegeHumor Show,0,0
The Colony,0,0
The Colour of Magic,0,0
The Comeback,58,7.7
The Comedians,57,6.1
The Comic Side of 7 Days,0,0
The Commish,0,0
The Company,67,7.1
The Complete Guide to Parenting,0,0
The Conners,75,3.8
The Contender,0,0
The Contender (2018),0,0
The Conversation with Amanda de Cadenet,60,0
The Cook and the Chef,0,0
The Cool Kids,42,5.6
The Corner,90,8.1
The Cosby Show,0,8.2
The Cougar,30,2.4
The Courier,0,0
The Cramp Twins,0,0
The Crazy Ones,58,6.6
The Crimson Field,0,8.0
The Crimson Petal and The White,65,8.5
The Critic,0,0
The Crocodile Hunter,0,0
The Crocodile Hunter Diaries,0,0
The Crossing (2018),59,5.8
The Crow: Stairway to Heaven,0,0
The Crown,81,8.5
The Cry,0,5.8
The Cup,0,0
The Curious Case of Curt Flood,84,0
The Curse of Comedy,0,0
The Cut,0,0
The Cut (Australia),0,0
The Daffy Duck Show (1996),0,0
The Daily Line,0,0
The Daily Show,0,8.4
The Daily Show with Trevor Noah,64,4.2
The Dan Ho Show,0,0
The Dana Carvey Show,0,0
The Dangerous Book for Boys,63,6.3
The Dark Ages,0,0
The Dark Crystal: Age of Resistance,0,0
The Dave & Kerley Show,0,0
The Day of the Triffids,0,0
The Day the Bomb Dropped,0,0
The Days and Nights of Molly Dodd,0,0
The Dead Zone,65,6.5
The Decorating Adventures Of Ambrose Price,0,0
The Deep End,38,7.4
The Defenders,65,7.6
The Defiant Ones (2017),76,7.8
The Detour,69,7.4
The Deuce,85,7.8
The Devil's Whore,0,0
The Dial ,0,0
The Dick Van Dyke Show,0,0
The Diplomat,78,0
The Disappearance,0,0
The Dish,0,0
The District,54,0
The Dive from Clausen's Pier,0,0
The Divide,72,8.3
The Division,0,0
The DL Chronicles,0,0
The Doctors,0,0
The Donna Reed Show,0,0
The Doodlebops,0,0
The Doris Day Show,0,0
The Dovekeepers,46,4.3
The Dr. Keith Ablow Show,0,0
The Dresden Files,55,7.4
The Dresser (2016),84,6.7
The Drew Carey Show,63,8.3
The Drinky Crow Show,0,0
The Dudesons,0,0
The Dudesons in America,0,0
The Dukes of Hazzard,0,8.0
The Dukes of Hazzard: The Beginning,0,0
The Durrells in Corfu,77,7.0
The Dust Bowl,82,7.4
The Early Show,0,0
The Ed Sullivan Show,0,0
The Electric Company,74,7.8
The Electric Company (1971),0,0
The Elephant Princess,0,0
The Ellen DeGeneres Show,0,7.3
The Emperor's New School,0,0
The End of the F***ing World,81,8.0
The Enemy Within,55,6.3
The Entertainer,0,0
The Equalizer,53,0
The Erotic Traveler,0,0
The Escape Artist,71,8.7
The Event ,67,6.3
The Evidence,40,8.4
The Ex List,61,8.4
The Ex-Wives Club,0,0
The Exes,49,5.7
The Exorcist (2016),62,8.2
The Expanse,65,8.6
The Eyes of Nye,0,0
The F Word,0,0
The F Word (2017),0,0
The Face,71,0
The Factory,0,0
The Facts of Life,0,0
The Fades,69,7.1
The Fairly Odd Parents,0,7.8
The Fairy Jobmother,55,0
The Fall,81,7.6
The Family,0,0
The Family (2016),58,5.9
The Famous Jett Jackson,0,0
The Fantastic Four,0,0
The Fashion Show,64,5.1
The Fashionista Diaries,0,0
The Festival,0,0
The Fighting Season,0,0
The Finder,58,7.1
The Firm (2012),52,7.0
The Firm (MY),0,0
The First,62,6.5
The First 48,0,0
The First Amendment Project,0,0
The First Emperor:  The Man Who Made China,0,0
The Fix,51,4.7
The Fixer,0,0
The Flag,88,0
The Flash,67,7.2
The Flash,0,0
The Flash (2014),73,7.8
The Flintstones,0,8.2
The Following,62,5.8
The Footy Show (NRL),0,0
The Force - Behind The Line,0,0
The Fosters,69,8.2
The Four: Battle for Stardom,0,2.2
The Fourth Estate,74,3.8
The Franchise: A Season with the San Francisco Giants,0,8.0
The Frankenstein Chronicles,0,7.3
The Fresh Beat Band,0,0
The Fresh Prince of Bel-Air,58,7.5
The Fugitive,69,0
The Fugitive (1963),0,0
The Fugitives,0,0
The Future Is Wild,0,0
The Gabby Douglas Story,50,4.3
The Galaxy Railways,0,0
The Game,22,8.2
The Game (2014),78,7.6
The Garfield Show,0,6.0
The Gates,52,8.0
The Gay Ghost,0,0
The Get Down,69,7.8
The Ghost Army,80,0
The Ghost Busters,0,0
The Ghost Squad,0,0
The Giblet Boys,0,0
The Gifted,63,7.1
The Girl,66,7.3
The Girlfriend Experience,78,7.7
The Girls Next Door,0,0
The Girly Ghost Hunters,0,0
The Glades,64,7.2
The Glass House,0,5.5
The Glee Project,73,6.6
The Glen Campbell Goodtime Hour,0,0
The Goldbergs,52,8.0
The Golden Girls,82,8.7
The Golden Globe Awards,0,0
The Gong Show (2017),58,5.5
The Gong Show with Dave Attell,0,0
The Good Cop,53,6.8
The Good Doctor,53,7.7
The Good Fight,80,7.3
The Good Guys,61,8.5
The Good Karma Hospital,0,0
The Good Old Days,0,0
The Good Place,78,8.1
The Good Wife,75,8.8
The Good Witch,0,7.2
The Goode Family,61,6.1
The Goodwin Games,57,7.4
The Gourmet Next Door,0,0
The Governor's Wife (2013),31,1.4
The Graham Norton Show,0,0
The Grammy Awards,0,3.8
The Grammy Nominations Concert Live,0,0
The Grand Tour,0,7.9
The Great American Baking Show,0,0
The Great American Dream Vote,0,0
The Great Big Bid,0,0
The Great British Baking Show,0,8.0
The Great Escape,52,5.4
The Great Indoors,51,5.3
The Greatest American Hero,0,0
The Green Room with Paul Provenza,0,0
The Greg Behrendt Show,0,0
The Grim Adventures of Billy and Mandy,0,8.4
The Grinder,71,7.3
The Grizzly Man Diaries,0,0
The Gruen Transfer,0,0
The Guard,0,0
The Guardian,55,0
The Guest Book,55,6.8
The Guild,0,6.4
The Guilty,0,0
The Gumby Show,0,0
The Handmaid's Tale,92,7.9
The Hardy Boys,0,0
The Hardy Boys Mysteries,0,0
The Hardy Boys/Nancy Drew Mysteries,0,0
The Hasselhoffs,39,0
The Haunting of Hill House,79,7.9
The Heat with Mark McEwan,0,0
The Heights,0,0
The Hero,47,6.9
The Hill,62,5.6
The Hills,52,7.3
The Hills: New Beginnings,0,0
The Hitch Hikers Guide to the Galaxy,0,0
The Hogfather,0,0
The Hollow Crown,91,6.7
The Hollow Men,0,0
The Hollowmen,0,0
The Honeymooners,0,0
The Honorable Woman,82,8.0
The Hot Zone,77,0
The Hotel Inspector,0,0
The Hotwives of Orlando,67,5.0
The Hour,0,0
The Hour (UK),81,8.0
The House Of Bulger,0,0
The House of Tiny Tearaways,0,0
The House of Tiny Terrors,0,0
The Houstons: On Our Own,43,1.4
The Hughleys,0,0
The Hungry Detective,0,0
The Hunt,91,8.5
The Hunt for the Trump Tapes with Tom Arnold,35,1.0
The Huntress,58,0
The Immortal Life of Henrietta Lacks,64,5.1
The Inbetween,0,0
The Inbetweeners,62,3.8
The Inbetweeners (UK),73,6.1
The Incredible Hulk,0,7.8
The Indian Detective,0,4.5
The Ink Thief,0,0
The Innocence Project,0,0
The Innocent Man,56,5.3
The Innocents (2018),70,5.8
The Inside,0,0
The Insider,0,0
The Insiders Guide to Love,0,0
The Inspector Lynley Mysteries,0,0
The Invaders,0,0
The Inventor: Out for Blood in Silicon Valley,69,7.3
The Invisible Man,0,0
The Invisibles,0,0
The Island,0,0
The IT Crowd,0,7.0
The IT Crowd (UK),67,8.7
The Italian Americans,84,4.0
The Jack and Triumph Show,58,6.2
The Jack Benny Program,0,0
The Jacksons: Next Generation,0,5.0
The Jamie Foxx Show,0,0
The Jamie Kennedy Experiment,0,0
The Jane Pauley Show,0,0
The Jane Show,0,0
The Janice Dickinson Modeling Agency,0,0
The Jay Leno Show ,48,3.6
The Jeff Corwin Experience,0,0
The Jeff Dunham Show,0,0
The Jeff Foxworthy Show,0,0
The Jeffersons,0,0
The Jensen Project,0,0
The Jeremy Kyle Show,0,0
The Jerry Springer Show,0,0
The Jetsons,0,7.8
The Jim Gaffigan Show,69,6.4
The Jim Henson Company's Puppet Up!,0,0
The Jim Jefferies Show,0,4.9
The Jinx: The Life and Deaths of Robert Durst,76,8.1
The Job,52,0
The Job,0,0
The Joel McHale Show with Joel McHale,0,7.2
The John Larroquette Show,0,0
The Johnny Cash Show,0,0
The Jon Dore Television Show,0,0
The Justin Lee Collins Show,0,0
The Karate Kid,0,0
The Keepers,78,7.7
The Kennedys,50,6.6
The Kennedys - After Camelot,23,1.9
The Kevin Bishop Show,0,0
The Kids Are Alright,71,8.1
The Kids in the Hall,83,0
The Kids of Degrassi Street,0,0
The Killing,84,8.1
The Killing Season,63,6.4
The King is Dead,0,0
The King of Queens,51,8.3
The Knick,75,8.4
The Knights of Prosperity,64,8.1
The Koala Brothers,0,0
The Kominsky Method,68,7.7
The Kumars at No 42,0,0
The L Word,63,6.5
The L.A. Complex,70,7.9
The Lair,0,0
The Land Before Time,0,0
The Larry Sanders Show,91,7.5
The Last Defense,67,0
The Last Enemy,0,0
The Last Kingdom,78,8.3
The Last Man on Earth,72,7.5
The Last O.G.,65,5.6
The Last Panthers,73,6.5
The Last Post,59,4.9
The Last Sharknado: It's About Time,22,2.7
The Last Ship,60,7.1
The Last Templar,29,2.4
The Last Tycoon,57,6.3
The Late Late Show with Craig Ferguson,0,7.1
The Late Late Show with James Corden,67,6.3
The Latest Buzz,0,0
The Laurel and Hardy Show,0,0
The Law Firm,0,0
The Law of Ueki,0,0
The League,52,8.1
The Leftovers,65,7.5
The Legend of Earthsea,0,0
The Legend of Zelda,0,8.0
The Leisure Class,25,2.7
The Librarian: Quest for the Spear,0,6.8
The Librarian: Return to King Solomon's Mines,0,6.8
The Librarian: The Curse of the Judas Chalice,77,6.8
The Librarian: The Curse of the Judas Chalice,0,0
The Librarians,0,0
The Librarians (2014),64,7.4
The Life & Times of Tim,57,8.2
The Life and Times of Juniper Lee,0,0
The Life and Times of Vivienne Vyle,0,0
The Lion Guard: Return of the Roar,0,6.2
The List,0,0
The List (2006),0,0
The Listener,42,7.4
The Little Drummer Girl,75,7.2
The Littles,0,0
The Living and the Dead,0,7.7
The Lizzie Borden Chronicles,52,6.3
The Lloyd Thaxton Show,0,0
The Locator,0,0
The Lone Gunmen,0,0
The Lone Ranger,0,0
The Lone Ranger (1966),0,0
The Lonely Island Presents: The Unauthorized Bash Brothers Experience,0,0
The Long Road Home,80,4.7
The Look for Less,0,0
The Looming Tower,74,5.6
The Looney Tunes Show,0,7.9
The Loop,44,7.9
The Lost Book of Nostradamas,0,0
The Lost Room,58,8.8
The Lost Tapes,0,0
The Lost Tribes,0,0
The Lost Valentine,63,0
The Lost World,0,0
The Lottery,60,6.1
The Loudest Voice,0,0
The Love Boat,0,0
The Loving Story,81,0
The Lowe Files,0,0
The Lucy Show,0,0
The Lucy-Desi Comedy Hour,0,0
The Lying Game,63,8.3
The Madness of Henry the VIII,0,0
The Mafia,0,0
The Magic School Bus,0,0
The Magicians (2016),60,7.1
The Magnificent Seven,47,0
The Making of the Mob: New York,59,7.3
The Man in the High Castle,77,7.3
The March,86,7.0
The Marriage Ref,40,3.8
The Marshal,66,0
The Marty Stuart Show,0,0
The Marvelous Misadventures of Flapjack,0,7.0
The Marvelous Mrs. Maisel,80,8.0
The Mary Tyler Moore Show,0,0
The Masked Singer,36,4.1
The Matt Davidson Show,0,0
The Matty Johns Show,0,0
The Maya Rudolph Show,53,6.0
The Mayo Clinic: Faith - Hope - Science,0,0
The Mayor,72,6.1
The McCarthys,53,6.9
The Megan Mullally Show,0,0
The Melancholy of Haruhi Suzumiya,0,8.9
The Men Who Built America,60,7.4
The Mentalist,65,8.5
The Meow Mix House,0,0
The Mermaid Chair,0,0
The Messengers,0,0
The Messengers (2015),56,6.3
The Michael Essany Show,0,0
The Michael J. Fox Show,64,6.5
The Michael Richards Show,0,0
The Mick,50,6.7
The Mickey Mouse Club,0,0
The Mickey Rooney Show,0,0
The Middle,70,7.7
The Middleman,73,8.1
The Mighty B!,0,5.5
The Mighty Boosh,0,9.0
The Mike Douglas Show,0,0
The Millers,50,4.4
The Mindy Project,69,7.3
The Miniaturist,69,5.5
The Minor Accomplishments of Jackie Woodman,0,0
The Missing,85,8.0
The Mist (2017),54,3.5
The Mob Doctor,42,4.8
The Mod Squad,0,0
The Mole,0,0
The Moment,48,0
The Moment of Truth,0,0
The Monastery,0,0
The Monkees,0,0
The Montel Williams Show,0,0
The Morning Show with Mike and Juliet,0,0
The Most Extreme,0,0
The Mr. Men Show,0,0
The Munsters,0,0
The Muppet Show,0,8.0
The Muppets (2015),62,6.4
The Musketeers,69,7.5
The Mysteries of Laura,37,5.7
The NAACP Image Awards,0,0
The Naked Archaeologist,0,0
The Naked Brothers Band,0,3.2
The Naked Trucker and T-Bones Show,0,0
The Name of the Rose,52,0
The Nanny,0,8.2
The Nation,0,0
The National Dog Show Presented by Purina,0,0
The Natural World,0,0
The Neighborhood,50,4.4
The Neighbors,42,6.1
The Net,60,0
The New Adventures of Batman,0,0
The New Adventures of He-Man,0,0
The New Adventures of Old Christine,64,7.3
The New Adventures of Superman,0,0
The New Celebrity Apprentice,57,5.7
The New Edition Story,76,6.5
The New Negroes with Baron Vaughn and Open Mike Eagle,0,0
The New Normal,61,6.4
The New Partridge Family,0,0
The New Statesman,0,0
The New Tomorrow,0,0
The New Worst Witch,0,0
The New Yorker Presents,63,3.0
The Newspaperman: The Life and Times of Ben Bradlee,80,3.5
The Newsroom,56,8.3
The Next,0,0
The Next Big Thing,0,0
The Next Food Network Star,0,0
The Next Great American Band,0,0
The Next Iron Chef,0,0
The Next Star,0,0
The Night Manager,82,7.7
The Night Of,90,8.8
The Night Shift,45,7.8
The Night Stalker,0,0
The Nightly Show with Larry Wilmore,69,2.7
The Nighttime Clap,0,0
The Nine,81,7.8
The Nine Lives of Chloe King,68,7.8
The No. 1 Ladies' Detective Agency,71,8.8
The Normal Heart,85,7.9
The Nostalgia Critic,0,8.6
The O.C.,67,6.7
The OA,61,7.1
The Oath,0,4.4
The Odd Couple,0,0
The Odd Couple (2015),42,5.4
The Office,62,8.4
The Office (UK),98,8.5
The One Show,0,0
The One: Making a Music Star,0,0
The Opposition with Jordan Klepper,56,5.8
The Oprah Winfrey Show,0,0
The Originals,52,8.1
The Orville,36,8.3
The Osbournes,0,0
The Other Two,79,7.7
The Outer Limits,0,0
The Outer Limits (1963),0,0
The Outpost,39,5.9
The Outsiders,60,0
The Pacific,86,7.7
The Pact,0,0
The Palace,0,0
The Pam Ann Show,0,0
The Paper,0,0
The Paradise,71,7.4
The Parkers,0,0
The Partner,0,0
The Partridge Family,0,0
The Passage,62,7.0
The Passion,40,2.8
The Path,70,7.9
The Path to 9/11,52,5.3
The Patty Duke Show,0,0
The Paul Lynde Show,0,0
The Paul O'Grady Show,0,0
The Paul Reiser Show,38,3.5
The Pauly D Project,36,2.9
The Paynes,0,0
The Pebbles & Bamm-Bamm Show,0,0
The Pee-wee Herman Show on Broadway,54,7.4
The Penguins of Madagascar,0,8.0
The People v. O.J. Simpson: American Crime Story,90,8.6
The Peter Serafinowicz Show,0,0
The Phantom,0,0
The Philanthropist,60,7.9
The Phone,0,0
The Pick-Up Artist,0,0
The Pink Panther,0,9.0
The Pink Panther and Sons,0,0
The Pink Panther Show,0,0
The Pitch,68,6.8
The PJs,0,0
The Planet's Funniest Animals,0,0
The Playboy Club,45,5.8
The Player,43,7.2
The Podge And Rodge Show,0,0
The Politician,0,0
The Powerpuff Girls,0,7.7
The Practice,74,8.0
The President Show,58,5.7
The Presidents' Gatekeepers,62,0
The Pretender,0,9.5
The Price is Right,0,0
The Primetime Emmy Awards,0,0
The Prince of Motor City,0,0
The Princes of Malibu,0,0
The Prisoner,45,3.6
The Problem With Apu,77,3.0
The Property Shop,0,0
The Proposal,25,1.3
The Protector,53,5.7
The Purge (2018),44,3.2
The Putin Interviews,54,6.3
The Quad,70,4.5
The Queen Latifah Show (2013),0,0
The Quest,59,6.6
The Race,0,0
The Rachael Ray Show,0,0
The Rachel Maddow Show,0,5.9
The Rachel Zoe Project,0,0
The Rain,65,4.8
The Ranch,56,7.6
The Rap Game,0,0
The Rat Patrol,0,0
The Real Estate Pros,0,0
The Real Football Factories,0,0
The Real Gilligan's Island,0,0
The Real History of Science Fiction,0,0
The Real Housewives of Atlanta,0,5.4
The Real Housewives of Beverly Hills,62,5.9
The Real Housewives of Miami,41,2.1
The Real Housewives of New Jersey,62,4.0
The Real Housewives of New York City,0,0
The Real Housewives of Orange County,59,2.1
The Real Housewives of Potomac,0,0
The Real Housewives of Washington D.C.,59,2.9
The Real Hustle,0,0
The Real L Word ,59,4.6
The Real McCoys,0,0
The Real O'Neals,62,6.9
The Real Wedding Crashers,19,2.6
The Real World,64,0
The Real World / Road Rules Challenge,0,0
The Reality Show,0,0
The Red Green Show,0,0
The Red Line,65,3.3
The Red Road,66,8.6
The Red Tent,57,7.0
The Ren and Stimpy Show,0,8.4
The Replacements,0,0
The Resident,54,6.9
The Restaurant,0,0
The Restless Gun,0,0
The Return of Jezebel James,29,5.2
The Returned,92,8.6
The Returned (2015),67,5.8
The Revolution,0,0
The Revolution (2012),0,0
The Rich List,0,0
The Rich List (Australia),0,0
The Riches,69,6.6
The Ricky Gervais Show,62,8.7
The River,65,6.2
The Road to Stardom with Missy Elliott,0,0
The Robinsons,0,0
The Rock Life,0,0
The Rockford Files (1974),0,0
The Rocky Horror Picture Show: Let’s Do the Time Warp Again,55,2.6
The Romanoffs,56,6.1
The Ron White Show,0,0
The Ronnie Johns Half Hour,0,0
The Rook,0,0
The Rookie,64,7.7
The Rookies,0,0
The Rookies (1972),0,0
The Roosevelts: An Intimate History,88,8.0
The Rosie O'Donnell Show,0,0
The Rosie Show ,67,6.4
The Rotters' Club,0,0
The Royal,0,0
The Royal Today,0,0
The Royals,48,5.8
The Royle Family,0,0
The Rundown With Robin Thede,78,0
The Ruth Rendell Mysteries,0,0
The Saddle Club,0,0
The Salt 'N' Pepa Show,0,0
The Sarah Jane Adventures,65,8.1
The Sarah Silverman Program,64,5.0
The Scholar,0,0
The Scooby Doo Films,0,0
The Scooby-Doo/Dynomutt Hour,0,0
The Sea Hunters,0,0
The Search for the Next Elvira,0,0
The Season,0,0
The Second Coming,0,0
The Secret Circle,56,7.5
The Secret Life Of,0,0
The Secret Life of Marilyn Monroe,55,0
The Secret Life of the American Teenager,48,5.4
The Secret Saturdays,0,0
The Secret Show,0,0
The Secret Storm,0,0
The Secret World of Alex Mack,0,0
The Seventies,59,6.0
The Shannara Chronicles,52,6.6
The Shield,92,9.3
The Shift,0,0
The Shop,0,0
The Shopping Bags,0,0
The Shot,0,0
The Show With Vinny,43,2.7
The Showbiz Show with David Spade,41,5.8
The Sideshow,0,0
The Silence,0,0
The Simple Life,0,0
The Simpsons,80,8.8
The Sing-Off,0,0
The Singing Bee,57,0
The Singing Detective,0,0
The Single Guy,0,0
The Singles Table,0,0
The Sinner,71,7.9
The Situation Room,0,0
The Situation With Tucker Carlson,0,0
The Six Million Dollar Man,0,0
The Sixties,64,8.3
The Slammer,0,0
The Slap (2015),62,4.6
The Smoking Gun Presents: Worlds Dumbest,0,0
The Smurfs,0,6.8
The Society,68,6.2
The Son,57,6.0
The Sonny & Cher Comedy Hour,0,0
The Sonny & Cher Show,0,0
The Sopranos,88,9.4
The Soul Man,65,4.2
The Sound of Music Live!,52,6.1
The Soup,0,8.5
The Spanish Princess,73,5.2
The Spectacular Spider-Man,0,8.9
The Split,0,6.0
The Spoils Before Dying,65,4.5
The Spoils of Babylon,69,6.5
The Springer Hustle,0,0
The Spymasters - CIA in the Crosshairs,65,7.6
The Stagers,0,0
The Staircase,95,6.6
The Staircase [2018 Version],92,7.6
The Star Wars Holiday Special,0,3.0
The Starlet,0,0
The Starter Wife,71,0
The State,0,0
The State (2017),63,5.0
The State Within,68,7.9
The States,0,0
The Stepfather,0,0
The Steph Show,0,0
The Steve & Kathy Show,0,0
The Steve Harvey Show,0,0
The Steve Wilkos Show,0,0
The Storm,32,3.5
The Story Behind,0,0
The Story of God With Morgan Freeman,54,5.6
The Strain,72,7.5
The Street,0,0
The Streets of San Francisco (1972),0,0
The Strip (Australia),0,0
The Suite Life of Zack & Cody,0,7.1
The Suite Life on Deck,0,7.1
The Sunday Night Project,0,0
The Sunset Limited,67,8.0
The Super Hero Squad Show,0,0
The Super Powers Team: Galactic Guardians,0,0
The Superstars,0,0
The Surgeon,0,0
The Surreal Life,0,0
The Surreal Life: Fame Games,0,0
The Swan,0,0
The T.O. Show,0,0
The Take,80,7.1
The Takedown,0,0
The Talk,39,5.4
The Taste,53,6.0
The Ten Commandments,39,2.6
The Tenth Circle,0,2.0
The Tenth Inning,76,7.2
The Terror,76,7.8
The Thick of It,0,0
The Thick of It (UK),90,8.5
The Third: The Girl with the Blue Eye,0,0
The Thorn Birds,0,0
The Thundermans,43,3.0
The Tick,82,8.4
The Tick (1994),0,0
The Tick (2017),72,7.4
The Tim McCarver Show,0,0
The Time of Your Life (UK),0,0
The Titan Games,0,3.7
The Tom Joyner Show,0,0
The Tomorrow People,50,7.9
The Tomorrow Show,0,0
The Tonight Show,0,0
The Tonight Show Starring Jimmy Fallon,65,6.3
The Tonight Show Starring Johnny Carson,0,0
The Tonight Show with Conan O'Brien,67,7.8
The Tonight Show with Jay Leno,0,3.4
The Tony Awards,0,0
The Tony Danza Show,0,0
The Tony Danza Show (1997),0,0
The Tony Rock Project,0,0
The Tournament,0,0
The Tournament (VH1),0,0
The Tower of Druaga:,0,0
The Trade,84,6.7
The Transporter: The Series,0,6.6
The Triangle (2005),51,8.1
The Trip to Bountiful,86,7.4
The Troop,0,0
The Trouble with Normal,25,0
The Truth About Killer Robots,62,3.2
The Truth Behind the Sitcom Scandals,0,0
The Truth with Jeff Johnson,0,0
The Tudors,64,6.9
The Tunnel,69,7.3
The Twilight Zone,0,8.9
The Twilight Zone (1985),0,9.0
The Twilight Zone (2002),0,0
The Twilight Zone (2019),61,4.1
The Two Coreys,0,0
The Two Ronnies Sketchbook,0,0
The Tyra Banks Show,0,0
The Ultimate Christmas Present,0,0
The Ultimate Coyote Ugly Search,0,0
The Ultimate Fighter,0,6.8
The Umbrella Academy,62,7.1
"The Unauthorized Beverly Hills, 90210 Story",0,0
The Unauthorized Full House Story,34,3.5
The Unauthorized Saved By The Bell Story,33,0
The Underground,0,0
The Unexplained,0,0
The Unicorn,0,0
The Unit,61,7.3
The Universe,0,9.5
The Untouchables,0,0
The Unusuals,61,7.6
The Upside Down Show,0,0
The Vampire Diaries,50,7.6
The Venture Brothers,0,8.6
The Verdict,0,0
The Vicar of Dibley,0,0
The Vice,0,0
The Victoria's Secret Fashion Show,0,0
The Vietnam War,90,8.3
The View,0,0
The Village (2019),47,5.0
The Vineyard,47,4.0
The Visit,0,0
The Visitor,0,0
The Voice ,58,7.2
The Walking Dead,82,8.1
The Wall,0,0
The Wall (2017),0,5.9
The Waltons,0,0
The War at Home,28,4.0
The Watsons Go to Birmingham,59,0
The Wayans Bros.,0,0
The Wayne Brady Show,0,0
The Weakest Link (US),0,0
The Wedding Album,0,0
The Wedding Bells,35,7.6
The Wedge,0,0
The Week the Women Went (2012),61,0
The Weekly,0,0
The Weight of the Nation,81,3.1
The Wendy Williams Experience,0,0
The Wendy Williams Show,0,0
The West Wing,79,8.8
The Whispers,61,6.4
The Whistleblowers,0,0
The White Princess,71,6.0
The White Queen,70,7.7
The Whitest Kids U Know,0,7.5
The Whole Truth,56,7.6
The Widow,66,5.2
The Widower,0,0
The Wiggles,0,0
The Wil Wheaton Project,0,5.9
The Wild Wild West,0,0
The Will,0,0
The Winner,44,3.8
The Wire,79,9.4
The Wiz Live!,73,6.2
The Wizard of Lies,67,6.7
The Woman in White,80,7.2
The Wombles,0,0
The Wonder Years,80,8.1
The Woody Woodpecker Show,0,0
The World According to Dick Cheney,60,0
The World According to Paris,20,2.0
The World of Jenks,0,0
The World of Peter Rabbit and Friends,0,0
The World Series of Pop Culture,0,0
The World Wars,62,4.1
The World's Best,0,0
The Writers' Room,73,7.3
The Wrong Door,0,0
The Wrong Mans,79,8.5
The WWE Experience,0,0
The X Effect,0,0
The X Factor,70,5.7
The X Factor (UK),0,5.3
The X's,0,0
The X-Files,70,8.7
The Xtra Factor,0,0
The Young and the Restless,0,4.0
The Young Indiana Jones Chronicles,71,8.8
The Young Ones,0,8.1
The Young Pope,68,7.5
The Zen Diaries of Garry Shandling,90,6.9
There and Back: Ashley Parker Angel,0,0
There Goes the Neighborhood,31,2.8
There's Something Wrong With Aunt Diane,67,0
There's... Johnny!,60,5.9
They Are My Noble Masters,0,0
Thief,71,8.3
Thieves Like Us,0,0
Things to Try Before You Die,0,0
Thintervention with Jackie Warner,0,0
Third Watch,0,9.0
Thirteen,73,5.8
thirtysomething,0,0
This American Life,79,7.9
This Close,75,6.9
This Giant Beast That Is the Global Economy,48,0
This Is England '86,0,8.7
This is Mike Stud,0,0
This Is Not Happening,0,0
This is Tom Jones,0,0
This Is Us,76,7.4
This Might Hurt,0,0
This Morning,0,0
This Movie Sucks!,0,0
This Old House,0,0
Thomas The Tank Engine & Friends,0,8.8
Thorne,73,0
Those Who Can't,57,5.3
Those Who Kill,54,7.2
Threat Matrix,0,0
Three Delivery,0,0
Three Moons Over Milford,0,0
Three Rivers,48,7.7
Three Sheets,0,0
Three Strikes,0,0
Three Wishes,39,8.3
Three's Company,0,0
Threshold,64,7.9
Through The Wormhole with Morgan Freeman,0,8.8
Throwdown with Bobby Flay,0,0
Thumb Wrestling Federation,0,0
Thunderbirds,0,0
ThunderCats,0,7.5
Thurgood,78,0
Tiara Girls,0,0
Tidying Up with Marie Kondo,69,4.0
Ties That Bind,53,5.8
Tig,89,5.2
Tiger Cruise,0,0
Til Death,37,5.7
Til Death Do Us Part: Carmen + Dave,0,0
Tilt,0,0
"Tim and Eric Awesome Show, Great Job!",0,7.9
Tim and Eric Nite Live,0,0
Tim and Eric's Bedtime Stories,0,0
Tim Gunn's Guide to Style,63,7.5
Time After Time,59,5.1
Time of Death,83,6.7
Time Traveling Bong,63,5.4
Time Trumpet,0,0
Time Warp,0,0
Time Warp Trio,0,0
TIME: The Kalief Browder Story,88,6.8
Timecop,29,0
Timeless,0,0
Timeless (2016),65,7.2
Timmy Time,0,0
Tin Man,53,6.2
Tin Star,0,4.6
Titan Maximum,0,0
Titanic,51,3.4
Titanic: Blood and Steel,55,6.0
Titans (2018),55,6.5
Tittybangbang,0,0
Titus,0,0
TKO: Total Knock Out,0,2.5
TMi (UK),0,0
TMZ on TV,0,3.0
TNA Epics (UK),0,0
TNA ReACTION,0,0
To Aru Kagaku no Railgun,0,0
To Aru Majutsu no Index,0,0
To Be Fat Like Me,0,0
To Love and Die,0,0
To Love Ru Trouble,0,0
To Tell the Truth,0,0
To Walk Invisible: The Brontë Sisters,71,6.1
Toasted tv,0,0
Toasted tv,0,0
Today ,0,0
Todd Margaret,65,6.8
Toddlers and Tiaras,0,2.7
Todrick,0,0
Togetherness,79,7.5
Tokimeki Memorial: Only Love,0,0
Tokko,0,0
Tokyo Majin Gakuen Kenpucho: Tou,0,0
Tokyo Mew Mew,0,0
Tom and Jerry,0,9.0
Tom and Jerry Tales,0,0
Tom Clancy's Jack Ryan,66,6.7
Tom Goes to the Mayor,0,0
Tomica Hero Rescue Force ,0,0
Tommy Lee Goes to College,0,0
Tommy Zoom,0,0
Tonightly,0,0
Too Big To Fail,67,6.9
Too Funny To Fail,78,7.9
Too Late With Adam Carolla,0,0
Too Old to Die Young,0,0
Tool Academy,0,0
Tooned!,0,0
Toot & Puddle,0,0
Top 5,0,0
Top Chef,64,6.6
Top Chef Duels,0,0
Top Chef Masters,0,0
Top Chef: Just Desserts,0,0
Top Design,67,4.7
Top Gear,0,9.0
Top Gear (US),73,4.1
Top Gear America,0,0
Top Gear Australia,0,0
Top Of The Lake,87,7.0
Top This Party,0,0
Toradora!,0,8.9
Torchwood (UK),73,8.0
Torchwood Declassified,0,0
Tori & Dean,0,0
Tosh.0,0,6.8
Total Blackout,53,8.4
Total Drama Island,0,8.7
Total Drama World Tour,0,8.7
Total Recall 2070,45,0
Total Wipeout,0,0
Totally Biased with W. Kamau Bell,0,2.5
Totally Doctor Who,0,0
Touch,63,7.0
"Touch Me, I'm Karen Taylor",0,0
Touched by an Angel,0,0
Tough Love,0,0
Tougher in Alaska,0,0
Touka Gettan,0,0
Tour de Pharmacy,71,7.3
Tournament of Roses Parade,0,0
Toward the Terra,0,0
Tower Prep,0,8.0
Town Haul,0,0
Town of the Living Dead,62,6.1
Toy Hunter,48,6.8
Toy Story of Terror,79,8.1
Toy Story That Time Forgot,81,7.8
Tracey Ullman's Show,70,5.7
Tracey Ullman's State of the Union,70,5.4
Tracks,0,0
Tracy Morgan: Black and Blue,55,0
Trading Spaces,0,0
Trading Spaces: Family,0,0
Trading Spouses,0,0
Traffic,74,0
Traffic Cops,0,0
Traffic Light,63,6.3
Trailer Fabulous,0,0
Trailer Park Boys,0,9.2
Training Day (2017),38,4.6
Transformers,0,8.5
Transformers Animated,0,0
Transformers Cybertron,0,0
Transformers: Masterforce,0,0
TransGeneration,0,0
Transparent,92,7.4
Traveler,53,8.7
Travelers,0,7.1
Treasure Hunters,41,5.9
Treasure Island,58,4.6
Treasure Quest,0,0
Trek Nation,0,0
Treme,88,7.8
Tremors,48,0
Trial & Error,67,6.9
Trick My Truck,0,0
Trick My Trucker,0,0
Tricked Out,0,0
Trinity Blood,0,0
Trippin',0,0
Tripping Over,0,0
Tripping the Rift,0,0
TripTank,0,4.1
Trisha,0,0
Trisha Goddard,0,0
TRL,0,0
Trollhunters,69,8.4
Trollz,0,0
Trophy Wife,64,7.0
Tru Calling,0,8.0
True Beauty,0,0
True Blood,63,8.1
True Caribbean Pirates,0,0
True Detective,87,9.2
"True Jackson, VP",0,6.6
True Life,0,0
True Spin,0,0
True Tears,0,0
Trust,67,7.1
Trust Me,65,7.5
Trust Us With Your Life,0,0
Truth Be Told (2015),26,3.9
Tsubasa: RESERVoir CHRoNiCLE,0,0
"Tsunami, The Aftermath",0,0
Tsuyokiss,0,0
Tuca & Bertie,81,7.0
Tucker,25,0
Tuckerville,0,0
Tuesday Night Book Club,31,4.6
Turkisch fur Anfanger,0,0
Turn Up Charlie,48,7.0
Turn: Washington's Spies,61,8.1
Tut,46,6.1
Tutenstein,0,0
TV Funhouse,0,0
TV Guide Close Up,0,0
"TV Heaven, Telly Hell",0,0
TV Land Confidential,0,0
TV Land: Myths and Legends,0,0
TV Nation,78,0
TWA Flight 800,75,6.2
Twentieth Century Battlefields,0,0
Twenty Good Years,29,5.9
Twenty Questions,0,0
Twenty Twelve,66,6.2
Twentyfourseven,33,5.0
Twin Peaks,96,9.3
Twinning,0,0
Twins,37,4.6
Twisted,66,7.5
Twisted Tales (UK),0,0
Twitches,0,8.3
Twitches Too,0,0
Two and a Half Men,67,8.1
Two Dudes Catering,0,0
Two Guys and a Girl,0,7.5
Two of a Kind,0,0
Two Twisted,0,0
Two-A-Days,0,0
Tycoon,0,0
Tyler Perry's For Better or Worse,0,0
Tyler Perry's House of Payne,0,0
Tyler Perry's Too Close to Home,0,0.2
Tyler's Ultimate,0,0
Tyrant,54,7.8
UEFA Champions League,0,0
UEFA European Championship,0,0
UFC Fight Night,0,0
UFC Primetime,0,0
UFC Unleashed,0,0
UFO Files,0,0
UFO Hunters,0,5.6
Ugly Americans,60,7.0
Ugly Betty,75,8.3
Ugly Delicious,77,6.1
Ultimate Hustler,0,0
Ultimate Recipe Showdown,0,0
"Ultimate Super Heroes, Vixens & Villains",0,0
Ultra,0,0
Ultraviolet: Code 44,0,0
Unan1mous,24,3.1
Unanimous (UK),0,0
Unbeatable Banzuke,0,0
Unbreakable Kimmy Schmidt,78,8.0
Uncle,0,0
Uncle Buck,21,0
Uncle Buck (2016),37,1.9
UnCorked,0,0
Undateable (2014),49,7.6
Undeclared,85,8.0
Under One Roof,0,0
Under the Dome,72,5.9
Under the Gunn,0,2.4
Underbelly,0,9.0
Undercover,58,4.3
Undercover Boss,59,6.4
Undercovers,63,5.7
Underdog,0,0
Underdog to Wonderdog,0,0
Underemployed,56,7.5
Underfunded,0,0
Underground,74,6.5
Undrafted,0,0
Unforgettable,57,5.9
Unforgotten,0,0
Unhitched,43,5.0
Unique Whips,0,0
United States of Tara,67,7.9
United Stats of America,63,7.9
Unnatural History ,0,8.8
UnReal,78,8.3
Unscripted,60,0
Unsolved: The Murders of Tupac and The Notorious B.I.G.,67,5.8
Unspeakable,0,0
Unsupervised,46,6.3
Untamed and Uncut,0,0
Untitled Bonnie Hunt Project,0,0
Untitled Boy Band Project,0,0
Untitled Office Spinoff,0,0
Untitled The O.C. Spinoff,0,0
Untold Stories Of The E.R.,0,0
Unusually Thicke,0,0
Up All Night,64,6.5
Up Late with Stewie and Brian,0,0
Upright Citizens Brigade,0,0
"Upstairs, Downstairs",74,7.7
US of Ant,0,0
Utawarerumono,0,0
Utopia (2014),38,4.1
V,66,6.5
V.I.P.,0,0
V: The Series (1984),0,0
Valentine,47,8.1
Valentine Road,79,0
Valkyria Chronicles,0,0
Valley of the Boom,58,0
Valor,39,4.2
Vampire Bats,39,3.4
Vampire Knight,0,7.5
Van Helsing (2016),54,5.1
Vanished,51,5.0
Vanity Fair (2018),66,5.2
Veep,72,7.8
Vegas,68,6.7
VeggieTales,0,7.8
Venus & Serena: For Real,0,0
Verminators,0,0
Veronica Mars,81,8.6
Veronica's Closet,70,0
Versailles,55,6.4
Very Little Britain,0,0
Very Small Business,0,0
Vexed,0,0
VH1 Divas,0,0
VH1 Goes Inside,0,0
VH1 ILL-ustrated,0,0
VH1 News Presents,0,0
VH1 Storytellers,0,0
Vice,67,6.6
Vice News Tonight,65,0
Vice Principals,56,7.9
Vicious,63,7.6
Victoria (2016),67,6.6
Victoria Beckham: Coming to America,0,0
Victorian Slum House,73,0
Victorious,0,6.2
Victory at Sea,0,0
Vida,75,6.4
Video Game Vixens,0,0
videoGaiden,0,0
Videos After Dark,0,0
Vientos de Agua,0,0
Vietnam in HD,79,8.7
Viewtiful Joe,0,0
Vikings,71,8.0
Vincent,0,0
Vinyl,71,7.0
Viper's Creed,0,0
Virgin Territory,69,5.2
Virtuality,67,8.3
Visions of the Future,0,0
Vital Signs,0,0
Vito,81,0
Viva Hollywood,0,0
Viva la Bam,0,7.3
Viva Laughlin,0,0
Viva Piñata,0,0
Vixen,0,0
VJ Search: The Series,0,0
Voltes V,0,0
Voltron: Defender of the Universe,0,7.3
Voltron: Legendary Defender,0,7.5
Voyage to the Bottom of the Sea,0,0
Voyagers!,0,0
VR.5,63,0
W.A.C.K.,0,0
W/ Bob & David,76,8.1
Waco,56,6.0
Wagaya no Oinarisama,0,0
Wahlburgers,48,4.3
Wait Till Your Father Gets Home,0,0
Waiting for God,0,0
WakeBrothers,0,0
Waking the Dead,0,0
Walk on the Wild Side,0,0
"Walker, Texas Ranger",0,7.7
Wallander,71,7.4
Wallflower,0,0
Walt Disney World Christmas Day Parade,0,0
Wanda at Large,0,0
Wanderlust (2018),69,5.1
Wanna Bet,0,0
Wanted,0,0
Wanted: Dead or Alive,0,0
War & Peace,72,7.8
War and Peace,0,0
War and Rememberance,0,0
Warehouse 13,62,7.5
Warrior (2019),68,7.7
Warriors of Liberty City,77,0
Wartorn: 1861-2010,82,0
Washington Field ,0,0
Washington Heights,58,0
Wasted TV,0,0
Watch Over Me,0,0
Watching Ellie,59,0
Watergate,77,6.6
Waterloo Road,0,6.8
Watership Down (2018),76,5.1
Wayne,0,7.8
Wayside,0,0
Wayward Pines,66,7.4
WCG Ultimate Gamer,0,0
WCW Clash of the Champions,0,0
WCW Main Event,0,0
WCW Monday Nitro,0,0
WCW Saturday Night,0,0
WCW Thunder,0,0
We Are Men,33,2.8
We Got To Do Better,0,0
We Need Girlfriends,0,0
Weaponology,0,0
Web Junk 20,0,0
Web Shows,0,0
Web Therapy,58,6.8
Webdreams,0,0
Webster,0,0
Wedding Band,61,6.8
Wedding Wars,51,7.3
Weed Country,0,3.3
Weed Wars,60,0
Weeds,70,8.2
Weekends at the D.L.,0,0
Weird City,67,5.4
Weird Loners,58,7.1
Weird Science,42,5.8
Weird Travels,0,0
Weird U.S.,0,0
Weird Years,0,0
"Weird, True & Freaky",0,0
"Welcome Back, Kotter",0,0
Welcome Freshmen,0,0
Welcome to Sweden,72,6.1
Welcome to the Captain,50,4.6
Welcome to the Family,46,3.4
Welcome to the NHK,0,9.4
Wendell & Vinnie,0,0
Wendy Wu: Homecoming Warrior,0,9.4
Westside (2018),0,0
Westworld,74,8.8
Wet Hot American Summer: First Day of Camp,74,6.8
Wet Hot American Summer: Ten Years Later,67,6.1
Whale Wars,71,5.4
Whammy! Push Your Luck!,0,0
What About Brian,41,8.9
What Chilli Wants,0,0
What I Did for Love,0,0
What I Like About You,41,0
What If God Were the Sun?,0,0
What Just Happened??!,0,0
What Not To Wear,0,0
What Perez Sez,0,0
What the Ancients Did For Us,0,0
What the Sell?,0,0
What We Do in the Shadows (2019),80,8.1
What Would Diplo Do?,69,5.6
What Would Ryan Lochte Do?,33,3.7
What's Crappening Now!,0,0
What's Happening Now!,0,0
What's Happening!!,0,0
What's My Name: Muhammad Ali,85,0
What's New Scooby-Doo?,0,0
What's With That House?,0,0
What/If,57,5.7
"Whatever, Martha!",0,0
Wheel of Fortune,0,0
Wheel of Fortune (Phi),0,0
When They See Us,87,0
When We Left Earth: The NASA Missions,0,0
When We Rise,67,6.3
When ___ Ruled The World,0,0
Where Did It Come From?,0,0
Where in the World is Carmen Sandiego?,0,0
Where in Time is Carmen Sandiego?,0,0
Where My Dogs At?,0,0
Where on Earth is Carmen Sandiego?,0,0
While You Were Out,0,0
Whisker Wars,60,0
Whiskey Cavalier,64,6.3
Whistleblower (2018),0,0
Whistler,0,0
White Collar,79,8.9
White Dragon,76,0
White Famous,54,3.5
White Heat,60,0
White House Christmas,0,0
White People,61,2.6
Whitechapel,76,7.7
Whitney,48,4.5
Whitney (2015),54,2.7
Who Cares About Girls?,0,0
Who Do You Think You Are?,52,7.6
Who Do You Think You Are? (UK),0,0
Who Is America?,59,7.3
Who Killed JonBenét?,29,0
Who Wants to Be a Millionaire,0,0
Who Wants to Be a Millionaire (UK),0,0
Who Wants to Be a Superhero?,0,0
Who Wants To Marry My Dad?,0,0
Who's Still Standing?,47,5.8
Who's the Boss?,0,0
Who's Your Daddy? (2005),0,0
Whodunnit?,43,7.9
Whoopi,0,0
Whoopi Goldberg Presents Moms Mabley,83,7.0
Whose Line Is It Anyway?,0,8.6
Whose Line Is it Anyway? (2013),0,7.8
Whose Line Is It Anyway? (UK),0,0
Whose Wedding Is It Anyway?,0,0
Why I Wore Lipstick to My Mastectomy,0,0
Why Not? with Shania Twain,62,7.6
Why? With Hannibal Buress,49,5.5
Wicked City,33,4.3
Wicked Wicked Games,0,0
Wickedly Perfect,0,0
Wife Mom Bounty Hunter,0,0
Wife Swap,0,0
Wild at Heart (UK),0,0
Wild China,0,0
Wild Palms,0,0
Wild Roses,0,0
Wild Things with Dominic Monaghan,74,8.3
Wild Wild Country,79,7.6
Wild World of Spike,0,0
Wildboyz,0,0
Wildfire,0,0
Wilfred,67,7.4
Wilfred (Australia),0,6.4
Will,62,5.9
Will & Dewitt,0,0
Will & Grace,75,7.7
Will & Grace (2017),73,6.2
Will Work for Food,0,0
Willa's Wildlife,0,0
William & Catherine: A Royal Romance,53,6.8
William & Kate,58,2.4
William and Mary,0,0
Windfall,44,8.1
Wings,57,0
Winx Club,0,6.4
Wipeout,34,7.3
Wire in the Blood,0,8.2
Wired,0,0
Wired Science,0,0
Wisdom of the Crowd,35,5.7
Wisecrack,0,0
Wisegal,0,0
Wiseguy,56,0
Wishful Drinking,74,6.2
Witchblade,70,0
Witchblade (anime),0,7.6
Witches of East End,50,8.3
Without a Trace,75,6.0
Without Prejudice?,0,0
Witness,79,7.3
Wizard Wars,67,5.0
Wizards of Waverly Place,0,8.1
WKRP in Cincinnati,0,0
WNBA on NBA TV,0,0
Wolf Creek,0,7.1
Wolf Hall,86,7.5
Wolfgang Puck,0,0
Wolverine and the X-Men,0,8.0
Women Behind Bars,0,0
Women of a Certain Age,0,0
Women's Murder Club,51,7.8
Wonder Pets!,0,2.8
Wonder Showzen,0,9.4
Wonder Woman,0,8.0
Wonderland,0,0
Wonders Of The Solar System,0,0
Woops!,24,0
WordGirl,0,0
Work It ,19,0.9
Work of Art: The Next Great Artist,68,8.2
Work Out,0,0
Workaholics,52,7.7
Working Class,47,0
Working Girl,34,0
Working the Engels,48,3.4
World of Dance,0,4.2
World of Quest,0,0
World Series of Blackjack,0,0
World Shut Your Mouth,0,0
World Without End,0,5.7
World's Funniest Moments,0,0
World's Greenest Homes,0,0
World's Strictest Parents (Australia),0,0
World's Toughest Fixes,0,0
Wormwood,82,5.1
Worst Week,62,6.1
Would You Rather...? with Graham Norton,66,0
Wow! Wow! Wubbzy!,0,6.5
Wrecked,0,0
Wrecked (2016),56,7.3
Wreckreation Nation,0,0
Wrestling Society X,0,0
Write & Wrong,0,0
Wu-Tang Clan: Of Mics and Men,85,5.3
WWE After Burn,0,0
WWE Confidential,0,0
WWE ECW,0,0
WWE Excess,0,0
WWE Friday Night SmackDown!,0,7.5
WWE Jakked,0,0
WWE Madison Square Garden Classics,0,0
WWE Monday Night RAW,0,7.9
WWE NXT,0,0
WWE Pay-Per-View,0,8.8
WWE Superstars,0,0
WWE The Bottom Line,0,0
WWE Tough Enough,0,0
WWE Velocity,0,0
WWF Monday Night  Raw,0,0
WWF Raw is War,0,7.3
WWF Shotgun Saturday Night,0,0
WWF Superstars,0,0
WWF Wrestling Challenge,0,0
WXO Wrestling,0,0
Wyatt Cenac's Problem Areas,0,0
Wynonna Earp,68,7.6
X Games 11,0,0
X-Men,0,9.7
X-Men: Evolution,0,7.5
X-Play,0,0
Xam&aposd: Lost Memories,0,0
Xavier: Renegade Angel,0,9.6
Xena: Warrior Princess,0,8.3
Xenosaga: The Animation,0,0
Xiaolin Showdown,0,8.6
XIII,44,7.2
XIII The Series,0,7.0
xxxHOLiC,0,0
Years and Years,0,0
Years of Living Dangerously,81,7.1
Yellowstone (2018),54,6.6
Yes Minister,0,9.3
"Yes, Dear",0,6.8
Yin Yang Yo!,0,6.2
Yo Gabba Gabba,0,7.2
Yo Momma,0,0
YOU,74,7.2
You Are What You Eat,0,0
You Spoof Discovery,0,0
You vs. Wild,0,6.7
You're Cut Off,0,0
You're the Worst,65,8.0
"You, Me and the Apocalypse",71,7.4
Young & Hungry,48,7.2
Young Blades,0,0
Young Dracula,0,0
Young Justice,0,9.1
Young Person's Guide to History ,0,0
Young Sheldon,63,5.0
Younger,75,7.7
Your Family or Mine,0,3.6
Your Mama Don't Dance,0,0
Your Place or Mine?,0,0
Yu-Gi-Oh!,0,7.6
Yu-Gi-Oh! 5D's,0,7.4
Yu-Gi-Oh! Capsule Monsters,0,0
Yu-Gi-Oh! GX,0,6.8
Yume de aetara,0,0
Z Nation,48,6.5
Z Rock,57,8.1
Z: The Beginning of Everything,61,6.4
Zach Stone Is Gonna Be Famous,66,7.8
Zane's Sex Chronicles,0,0
Zatch Bell!,0,0
Zegapain,0,0
Zeke & Luther,0,7.3
Zen,77,7.6
Zenon,0,0
Zero Hour,39,5.7
Zero No Tsukaima,0,0
Zettai Karen Children,0,0
Zoey 101,0,6.5
Zoids,0,0
Zoids Fuzors,0,0
ZOIDS: Guardian Force,0,0
Zombie Apocalypse,0,0
Zombie-Loan,0,0
Zoo,55,5.8
Zorro,0,0
Zorro (1997),0,0
Zorro: La Espada y La Rosa,0,0
#1 Single,0,0
'Til Death Do Us Part,43,7.8
.hack//Roots,0,5.5
07-Ghost,0,0
1 vs 100,54,7.5
1 vs 100 (Australia),0,0
1 vs. 100 (Phi),0,0
"1,000 Ways to Die",0,8.2
10 Days That Unexpectedly Changed America,0,0
10 Items Or Less,42,5.8
10 Things I Hate About You,66,6.6
10.5: Apocalypse,23,4.2
100 Code,0,0
100 Questions,49,3.2
101 Ways to Leave a Game Show,0,3.8
101 Ways To Leave A Gameshow,0,0
106 & Gospel,0,0
11 Cameras,0,0
11.22.63,69,7.8
112 Weddings,74,0
12 Monkeys (2015),57,8.3
12 oz. Mouse,0,7.1
13 Fear Is Real,32,3.9
13 Reasons Why,76,7.6
16 and Pregnant,0,2.2
1600 Penn,55,5.4
18 to Life,0,7.8
19 Kids and Counting,0,0
1st Amendment Standup,0,0
2 Broke Girls,66,7.5
2 Dope Queens,87,5.4
20 to 1,0,0
20/20,0,0
2000 Malibu Road,0,0
2006 Winter Olympics,0,0
2008 Summer Olympic Games,0,0
2057,0,0
21 Jump Street,13,6.0
227,0,10
24,88,8.8
24 Hour Catwalk,0,0
24 Hour Design,0,0
24 Hours in the ER,0,0
24/7,0,0
24: Legacy,49,4.9
29 Minutes of Fame,0,0
3,47,0
3 Lbs.,40,8.0
3-2-1 Contact,0,0
30 Days,0,0
30 for 30,0,0
30 Minute Meals,0,0
30 Rock,67,8.2
3am,0,0
3rd Rock from the Sun,52,7.4
40 Days and 40 Nights,0,0
41,55,0
48 Hours,0,0
4REAL,0,0
4th and Forever,45,0
4th and Loud,0,0
5 Takes,0,0
50 Ways to Leave Your Lover,0,0
500 Questions,0,3.5
52 Fights,0,0
60 Days In,0,7.6
60 Minute Man,0,0
60 Minutes,0,4.8
666 Park Avenue,62,7.2
6teen,0,7.7
7 Days in Hell,67,7.5
7 Days of Sex,38,0
7 Deadly Sins,71,0
72 Hours,45,2.9
7th Heaven,0,4.0
8 Out of 10 Cats,0,0
8 Simple Rules,53,7.0
8th and Ocean,45,8.2
9-1-1,60,6.4
9-1-1: Lone Star,0,0
90210,47,6.7
9JKL,36,3.1
¡Mucha Lucha!,0,0
